<ivysettings>
  <!--
  see http://www.jayasoft.org/ivy/doc/configuration
  -->
  <!-- you can override this property to use mirrors
          http://repo1.maven.org/maven2/
          http://mirrors.dotsrc.org/maven2
          http://ftp.ggi-project.org/pub/packages/maven2
          http://mirrors.sunsite.dk/maven2
          http://public.planetmirror.com/pub/maven2
          http://ibiblio.lsu.edu/main/pub/packages/maven2
          http://www.ibiblio.net/pub/packages/maven2
  -->
  <property name="repo.maven.org"
    value="http://repo1.maven.org/maven2/"
    override="false"/>
  <property name="snapshot.apache.org"
    value="http://people.apache.org/repo/m2-snapshot-repository/"
    override="false"/>
  <property name="maven2.pattern"
    value="[organisation]/[module]/[revision]/[module]-[revision]"/>
  <property name="maven2.pattern.ext"
    value="${maven2.pattern}.[ext]"/>
  <!-- pull in the local repository -->
  <include url="${ivy.default.conf.dir}/ivyconf-local.xml"/>
  <settings defaultResolver="default"/>
  <resolvers>
    <ibiblio name="maven2"
      root="${repo.maven.org}"
      pattern="${maven2.pattern.ext}"
      m2compatible="true"
      />
    <ibiblio name="apache-snapshot"
      root="${snapshot.apache.org}"
      pattern="${maven2.pattern.ext}"
      m2compatible="true"
      />
    <chain name="default" dual="true">
      <resolver ref="local"/>
      <resolver ref="maven2"/>
    </chain>
    <chain name="internal">
      <resolver ref="local"/>
    </chain>
    <chain name="external">
      <resolver ref="maven2"/>
    </chain>
    <chain name="external-and-snapshots">
      <resolver ref="maven2"/>
      <resolver ref="apache-snapshot"/>
    </chain>
  </resolvers>
  <modules>
    <!--
    This forces a requirement for  our artifacts to be built locally
    rather than look for them online.

    -->
    <module organisation="com.hadoop.compression" name=".*" 
            resolver="internal"/>
  </modules>
</ivysettings>
